model_name,loss,acc
loss,0.6910379329323768
acc,0.38492128343411236
acc_cn,0.38492128343411236
acc_f,nan
acc_s,nan
