model_name,loss,acc
loss,0.6919689112901688
acc,0.39031417964204584
acc_cn,0.39031417964204584
acc_f,nan
acc_s,nan
