model_name,loss,acc
loss,0.6923276749253273
acc,0.38793288879328885
acc_cn,0.38793288879328885
acc_f,nan
acc_s,nan
