model_name,loss,acc
loss,0.6919783064723015
acc,0.37714095670971676
acc_cn,0.37714095670971676
acc_f,nan
acc_s,nan
