model_name,loss,acc
loss,0.6923590698838233
acc,0.3876999792229379
acc_cn,0.3876999792229379
acc_f,nan
acc_s,nan
