model_name,loss,acc
loss,0.5845802183449268
acc,0.40148975791433894
acc_cn,0.40148975791433894
acc_f,nan
acc_s,nan
