model_name,loss,acc
loss,0.6899253049492836
acc,0.39965367965367965
acc_cn,0.39965367965367965
acc_f,nan
acc_s,nan
