model_name,loss,acc
loss,0.6926723209023475
acc,0.37064141196728373
acc_cn,0.37064141196728373
acc_f,nan
acc_s,nan
