model_name,loss,acc
loss,0.6936456888914109
acc,0.39015170863768717
acc_cn,0.39015170863768717
acc_f,nan
acc_s,nan
