model_name,loss,acc
loss,0.6905169489979744
acc,0.4037785588752197
acc_cn,0.4037785588752197
acc_f,nan
acc_s,nan
